,128,192,256,320,384,448,512
d20.00/N10240, 4044.519000, 3197.003000, 2810.224000, 2562.650000, 2404.378000, 2370.548000, 2424.951000
d20.00/N2048, 47.802000, 45.529000, 52.905000, 61.871000, 70.983000, 79.644000, 90.106000
d20.00/N2560, 76.838000, 70.707000, 79.228000, 93.546000, 108.425000, 128.772000, 144.370000
d20.00/N3072, 112.238000, 103.141000, 112.723000, 132.350000, 154.348000, 177.730000, 200.633000
d20.00/N3584, 157.416000, 142.496000, 152.478000, 178.549000, 208.084000, 240.429000, 272.042000
d20.00/N4096, 212.937000, 189.038000, 198.262000, 233.610000, 271.466000, 319.997000, 360.710000
d20.00/N4608, 361.128000, 312.197000, 294.781000, 308.095000, 351.669000, 398.393000, 453.139000
d20.00/N5120, 484.386000, 411.398000, 384.557000, 395.370000, 448.148000, 507.829000, 569.131000
d20.00/N5632, 593.800000, 502.624000, 464.393000, 474.762000, 527.016000, 600.540000, 677.086000
d20.00/N6144, 761.788000, 636.996000, 586.233000, 589.480000, 647.534000, 735.815000, 829.896000
d20.00/N6656, 916.744000, 762.710000, 691.190000, 681.697000, 747.869000, 842.360000, 949.887000
d20.00/N7168, 1074.123000, 893.065000, 803.719000, 796.651000, 863.125000, 971.749000, 1096.626000
d20.00/N7680, 1311.176000, 1075.171000, 975.015000, 943.716000, 1007.617000, 1140.735000, 1272.432000
d20.00/N8192, 1526.139000, 1254.479000, 1119.746000, 1078.835000, 1144.706000, 1289.972000, 1440.637000
d20.00/N8704, 2672.859000, 2174.631000, 1911.051000, 1759.028000, 1666.737000, 1660.493000, 1733.269000
d20.00/N9216, 3088.862000, 2493.597000, 2182.895000, 1989.482000, 1895.751000, 1888.826000, 1952.371000
d20.00/N9728, 3584.211000, 2818.423000, 2456.880000, 2250.724000, 2135.253000, 2110.849000, 2180.307000
d22.50/N10240, 4364.326000, 3448.757000, 2941.886000, 2694.177000, 2508.981000, 2448.784000, 2492.910000
d22.50/N2048, 49.761000, 47.593000, 53.372000, 62.529000, 71.953000, 79.689000, 90.111000
d22.50/N2560, 78.858000, 72.730000, 80.056000, 94.014000, 109.067000, 130.149000, 145.125000
d22.50/N3072, 116.528000, 106.206000, 113.988000, 132.901000, 155.114000, 178.864000, 201.426000
d22.50/N3584, 164.782000, 146.631000, 153.512000, 180.411000, 209.033000, 240.875000, 272.931000
d22.50/N4096, 226.447000, 198.916000, 203.025000, 234.894000, 274.401000, 320.882000, 361.724000
d22.50/N4608, 380.538000, 323.946000, 302.894000, 312.438000, 353.683000, 402.471000, 452.836000
d22.50/N5120, 513.163000, 437.178000, 399.225000, 406.314000, 449.563000, 511.589000, 573.806000
d22.50/N5632, 636.376000, 526.568000, 482.275000, 483.970000, 532.056000, 603.860000, 680.710000
d22.50/N6144, 812.038000, 670.776000, 609.267000, 608.114000, 659.398000, 740.280000, 833.083000
d22.50/N6656, 965.357000, 793.876000, 723.734000, 705.507000, 756.114000, 852.223000, 953.243000
d22.50/N7168, 1146.998000, 932.537000, 838.126000, 823.568000, 871.609000, 984.525000, 1101.645000
d22.50/N7680, 1401.297000, 1133.883000, 1022.609000, 974.504000, 1026.009000, 1149.751000, 1284.709000
d22.50/N8192, 1635.945000, 1329.156000, 1167.046000, 1123.316000, 1171.256000, 1301.844000, 1460.114000
d22.50/N8704, 2872.254000, 2281.657000, 1989.193000, 1840.132000, 1729.124000, 1722.953000, 1766.176000
d22.50/N9216, 3320.175000, 2625.505000, 2304.613000, 2080.624000, 1988.267000, 1942.834000, 1987.694000
d22.50/N9728, 3812.916000, 2997.998000, 2621.388000, 2363.775000, 2231.845000, 2184.560000, 2237.672000
d25.00/N10240, 4662.183000, 3617.859000, 3099.381000, 2794.893000, 2617.287000, 2539.389000, 2551.170000
d25.00/N2048, 51.249000, 48.268000, 53.583000, 62.785000, 72.204000, 80.252000, 90.302000
d25.00/N2560, 81.870000, 74.410000, 81.216000, 94.466000, 109.733000, 130.913000, 146.239000
d25.00/N3072, 123.144000, 110.287000, 114.899000, 134.709000, 155.368000, 178.813000, 202.274000
d25.00/N3584, 172.668000, 152.148000, 157.343000, 182.081000, 211.265000, 241.544000, 273.413000
d25.00/N4096, 235.014000, 203.305000, 205.393000, 236.334000, 275.555000, 323.994000, 362.643000
d25.00/N4608, 399.791000, 337.946000, 313.003000, 319.548000, 355.902000, 404.402000, 455.851000
d25.00/N5120, 546.008000, 450.585000, 412.887000, 413.805000, 454.596000, 514.283000, 577.775000
d25.00/N5632, 664.835000, 548.757000, 499.997000, 500.089000, 538.616000, 606.531000, 682.959000
d25.00/N6144, 859.398000, 711.162000, 634.390000, 626.136000, 664.294000, 749.388000, 835.425000
d25.00/N6656, 1024.729000, 832.453000, 752.773000, 726.965000, 767.261000, 860.545000, 961.016000
d25.00/N7168, 1218.839000, 982.442000, 876.662000, 853.180000, 890.734000, 991.561000, 1111.565000
d25.00/N7680, 1508.845000, 1195.481000, 1056.624000, 1008.753000, 1044.171000, 1161.834000, 1297.470000
d25.00/N8192, 1746.470000, 1388.266000, 1238.755000, 1170.988000, 1197.607000, 1311.476000, 1468.589000
d25.00/N8704, 3062.512000, 2411.167000, 2110.852000, 1906.003000, 1800.633000, 1763.833000, 1799.254000
d25.00/N9216, 3548.770000, 2780.295000, 2396.772000, 2173.716000, 2049.436000, 1998.337000, 2039.535000
d25.00/N9728, 4077.744000, 3177.067000, 2755.088000, 2472.863000, 2316.996000, 2276.971000, 2299.096000
d27.50/N10240, 4990.259000, 3877.100000, 3295.908000, 2926.865000, 2721.145000, 2641.915000, 2629.110000
d27.50/N2048, 52.744000, 49.180000, 53.729000, 63.093000, 72.503000, 80.896000, 90.534000
d27.50/N2560, 84.552000, 76.832000, 82.155000, 95.055000, 109.998000, 131.275000, 146.755000
d27.50/N3072, 126.719000, 112.405000, 116.661000, 135.886000, 156.682000, 179.728000, 202.574000
d27.50/N3584, 180.054000, 158.497000, 159.183000, 182.655000, 212.248000, 242.851000, 273.904000
d27.50/N4096, 245.800000, 213.669000, 211.193000, 239.392000, 276.950000, 326.277000, 365.154000
d27.50/N4608, 419.267000, 351.269000, 322.761000, 325.526000, 359.340000, 407.740000, 459.389000
d27.50/N5120, 567.669000, 469.288000, 430.799000, 426.751000, 459.367000, 516.571000, 579.579000
d27.50/N5632, 701.324000, 574.113000, 517.861000, 509.488000, 543.387000, 613.316000, 685.264000
d27.50/N6144, 918.511000, 738.323000, 659.739000, 641.765000, 676.652000, 755.603000, 844.524000
d27.50/N6656, 1097.777000, 872.069000, 776.458000, 747.139000, 779.887000, 866.650000, 968.134000
d27.50/N7168, 1289.835000, 1035.078000, 922.879000, 879.395000, 902.723000, 1000.551000, 1117.817000
d27.50/N7680, 1583.727000, 1257.523000, 1102.997000, 1044.688000, 1068.967000, 1174.310000, 1304.285000
d27.50/N8192, 1874.740000, 1462.361000, 1278.603000, 1207.192000, 1221.854000, 1318.772000, 1484.858000
d27.50/N8704, 3264.213000, 2574.258000, 2212.714000, 1985.744000, 1859.756000, 1818.460000, 1856.515000
d27.50/N9216, 3822.601000, 2937.713000, 2518.145000, 2277.322000, 2132.816000, 2071.226000, 2097.012000
d27.50/N9728, 4359.107000, 3365.685000, 2866.167000, 2581.308000, 2442.171000, 2335.933000, 2353.822000
d30.00/N10240, 5368.688000, 4057.481000, 3431.443000, 3061.605000, 2837.229000, 2747.260000, 2699.953000
d30.00/N2048, 54.783000, 50.054000, 54.649000, 63.324000, 72.905000, 81.200000, 91.260000
d30.00/N2560, 88.004000, 78.755000, 82.663000, 96.117000, 110.357000, 131.744000, 147.326000
d30.00/N3072, 133.453000, 117.153000, 118.916000, 136.636000, 157.867000, 180.231000, 202.963000
d30.00/N3584, 189.623000, 162.433000, 161.624000, 184.592000, 212.995000, 244.602000, 274.504000
d30.00/N4096, 259.391000, 218.743000, 216.172000, 241.605000, 278.587000, 328.478000, 367.757000
d30.00/N4608, 444.423000, 364.861000, 332.593000, 331.563000, 362.041000, 408.226000, 460.178000
d30.00/N5120, 598.037000, 490.126000, 442.647000, 434.993000, 463.725000, 521.680000, 581.614000
d30.00/N5632, 746.419000, 600.107000, 538.082000, 521.186000, 552.250000, 617.702000, 690.685000
d30.00/N6144, 969.261000, 770.687000, 684.239000, 664.242000, 686.042000, 760.053000, 848.418000
d30.00/N6656, 1145.360000, 914.987000, 817.091000, 774.959000, 793.144000, 874.887000, 973.920000
d30.00/N7168, 1358.791000, 1082.496000, 949.438000, 915.504000, 927.851000, 1009.658000, 1125.242000
d30.00/N7680, 1678.052000, 1322.281000, 1154.167000, 1090.503000, 1094.043000, 1177.988000, 1318.628000
d30.00/N8192, 1975.155000, 1536.091000, 1334.935000, 1250.682000, 1254.670000, 1338.697000, 1494.762000
d30.00/N8704, 3506.106000, 2682.259000, 2293.950000, 2090.224000, 1936.049000, 1892.136000, 1886.108000
d30.00/N9216, 4025.452000, 3103.573000, 2669.032000, 2373.690000, 2209.101000, 2133.535000, 2142.854000
d30.00/N9728, 4638.948000, 3558.549000, 3014.119000, 2732.194000, 2541.257000, 2440.375000, 2412.218000
d32.50/N10240, 5714.672000, 4285.821000, 3603.662000, 3233.295000, 2956.718000, 2820.584000, 2787.247000
d32.50/N2048, 56.385000, 51.978000, 55.456000, 63.450000, 73.425000, 81.471000, 91.430000
d32.50/N2560, 90.906000, 80.606000, 83.498000, 96.795000, 111.010000, 132.071000, 148.020000
d32.50/N3072, 137.467000, 120.443000, 120.579000, 137.397000, 158.864000, 181.724000, 203.824000
d32.50/N3584, 196.208000, 169.688000, 166.751000, 186.452000, 214.437000, 245.938000, 276.715000
d32.50/N4096, 268.822000, 227.412000, 219.729000, 243.033000, 281.230000, 329.679000, 369.392000
d32.50/N4608, 460.258000, 379.705000, 344.388000, 339.403000, 364.834000, 411.460000, 462.121000
d32.50/N5120, 627.708000, 510.282000, 458.081000, 447.416000, 471.827000, 525.532000, 585.979000
d32.50/N5632, 777.541000, 625.630000, 562.637000, 538.030000, 560.963000, 621.557000, 695.517000
d32.50/N6144, 1011.133000, 807.294000, 712.999000, 682.792000, 700.723000, 769.122000, 853.332000
d32.50/N6656, 1210.644000, 958.571000, 840.242000, 796.264000, 812.170000, 880.035000, 980.341000
d32.50/N7168, 1436.738000, 1144.165000, 988.133000, 945.710000, 943.507000, 1018.893000, 1138.426000
d32.50/N7680, 1796.897000, 1404.334000, 1205.608000, 1133.438000, 1124.129000, 1198.846000, 1330.070000
d32.50/N8192, 2065.368000, 1608.466000, 1386.785000, 1296.239000, 1289.030000, 1361.024000, 1508.687000
d32.50/N8704, 3688.203000, 2830.687000, 2406.758000, 2161.433000, 2027.121000, 1936.761000, 1954.789000
d32.50/N9216, 4281.296000, 3274.709000, 2774.843000, 2502.663000, 2302.786000, 2214.168000, 2201.216000
d32.50/N9728, 4936.508000, 3756.401000, 3165.860000, 2825.751000, 2638.275000, 2503.536000, 2475.281000
d35.00/N10240, 6017.738000, 4529.662000, 3787.915000, 3353.512000, 3107.639000, 2930.977000, 2871.988000
d35.00/N2048, 58.955000, 52.791000, 55.706000, 64.125000, 73.649000, 81.522000, 91.739000
d35.00/N2560, 95.611000, 84.127000, 85.567000, 97.356000, 111.909000, 132.735000, 148.128000
d35.00/N3072, 144.166000, 123.434000, 122.926000, 138.834000, 159.573000, 182.837000, 203.966000
d35.00/N3584, 204.387000, 173.647000, 169.004000, 188.152000, 216.230000, 246.700000, 277.593000
d35.00/N4096, 281.318000, 235.422000, 225.695000, 246.073000, 282.991000, 331.590000, 370.531000
d35.00/N4608, 481.682000, 393.102000, 354.060000, 346.594000, 369.243000, 414.462000, 463.727000
d35.00/N5120, 659.930000, 532.042000, 474.854000, 458.214000, 478.357000, 529.822000, 590.554000
d35.00/N5632, 825.451000, 660.720000, 579.012000, 551.800000, 571.952000, 627.521000, 699.503000
d35.00/N6144, 1065.348000, 844.194000, 748.111000, 701.562000, 714.982000, 775.702000, 859.780000
d35.00/N6656, 1276.064000, 1004.782000, 876.352000, 821.075000, 833.032000, 892.308000, 990.492000
d35.00/N7168, 1534.308000, 1187.499000, 1031.535000, 972.774000, 969.626000, 1039.305000, 1147.896000
d35.00/N7680, 1879.943000, 1460.563000, 1259.508000, 1174.901000, 1154.929000, 1219.401000, 1344.763000
d35.00/N8192, 2191.205000, 1691.248000, 1452.349000, 1346.369000, 1329.107000, 1387.762000, 1529.063000
d35.00/N8704, 3948.067000, 2982.596000, 2547.990000, 2253.406000, 2089.657000, 2005.869000, 1989.332000
d35.00/N9216, 4546.699000, 3451.050000, 2907.605000, 2588.888000, 2390.375000, 2284.461000, 2274.006000
d35.00/N9728, 5248.412000, 3966.083000, 3364.617000, 2986.471000, 2723.689000, 2619.107000, 2574.503000
d37.50/N10240, 6450.293000, 4779.173000, 3976.239000, 3506.370000, 3210.928000, 3037.748000, 2988.411000
d37.50/N2048, 60.147000, 53.940000, 56.261000, 64.722000, 73.800000, 81.735000, 91.974000
d37.50/N2560, 97.694000, 85.579000, 86.796000, 97.963000, 112.393000, 132.977000, 148.797000
d37.50/N3072, 148.427000, 127.222000, 125.179000, 140.416000, 160.197000, 183.736000, 205.681000
d37.50/N3584, 213.058000, 179.706000, 173.445000, 189.509000, 217.722000, 247.629000, 278.754000
d37.50/N4096, 293.780000, 244.251000, 232.760000, 249.494000, 284.437000, 334.859000, 371.995000
d37.50/N4608, 505.230000, 409.687000, 366.717000, 357.547000, 373.613000, 416.142000, 468.213000
d37.50/N5120, 692.563000, 555.534000, 491.519000, 470.094000, 485.700000, 534.118000, 594.063000
d37.50/N5632, 858.170000, 683.100000, 599.606000, 570.200000, 581.862000, 633.930000, 703.403000
d37.50/N6144, 1132.204000, 881.960000, 770.144000, 722.158000, 729.696000, 783.914000, 869.693000
d37.50/N6656, 1345.795000, 1063.054000, 914.348000, 859.732000, 856.409000, 909.062000, 1000.180000
d37.50/N7168, 1599.933000, 1245.094000, 1073.214000, 1004.095000, 1000.342000, 1052.721000, 1162.557000
d37.50/N7680, 1986.204000, 1548.154000, 1314.807000, 1211.824000, 1192.045000, 1247.488000, 1365.963000
d37.50/N8192, 2311.518000, 1775.279000, 1517.810000, 1402.159000, 1371.954000, 1423.988000, 1548.297000
d37.50/N8704, 4140.125000, 3139.845000, 2641.464000, 2345.729000, 2170.137000, 2084.370000, 2056.904000
d37.50/N9216, 4817.808000, 3638.573000, 3045.530000, 2704.319000, 2486.927000, 2368.399000, 2330.250000
d37.50/N9728, 5560.171000, 4177.709000, 3490.258000, 3111.462000, 2829.393000, 2708.164000, 2650.703000
d40.00/N10240, 6760.378000, 5035.892000, 4166.580000, 3698.254000, 3372.865000, 3175.327000, 3085.440000
d40.00/N2048, 62.495000, 54.916000, 56.775000, 65.150000, 74.119000, 81.927000, 92.286000
d40.00/N2560, 101.564000, 87.565000, 87.623000, 98.498000, 113.193000, 134.592000, 149.163000
d40.00/N3072, 153.770000, 131.968000, 127.434000, 141.464000, 161.314000, 185.093000, 206.831000
d40.00/N3584, 221.814000, 185.424000, 177.080000, 192.299000, 218.865000, 248.825000, 279.573000
d40.00/N4096, 306.229000, 255.312000, 237.289000, 251.937000, 286.893000, 336.347000, 374.127000
d40.00/N4608, 527.331000, 424.524000, 377.189000, 364.105000, 378.242000, 418.707000, 470.116000
d40.00/N5120, 724.590000, 576.511000, 513.312000, 482.725000, 494.683000, 539.780000, 596.862000
d40.00/N5632, 899.701000, 717.957000, 622.361000, 585.971000, 593.468000, 640.714000, 710.589000
d40.00/N6144, 1176.428000, 920.232000, 799.887000, 752.653000, 748.319000, 798.775000, 876.994000
d40.00/N6656, 1415.672000, 1101.375000, 948.688000, 879.559000, 874.955000, 922.999000, 1011.364000
d40.00/N7168, 1684.866000, 1301.161000, 1129.087000, 1040.796000, 1030.968000, 1078.125000, 1178.438000
d40.00/N7680, 2117.215000, 1607.237000, 1374.383000, 1270.063000, 1230.278000, 1274.624000, 1386.412000
d40.00/N8192, 2440.408000, 1864.493000, 1585.289000, 1456.171000, 1420.371000, 1458.555000, 1578.708000
d40.00/N8704, 4372.259000, 3302.904000, 2755.747000, 2444.668000, 2246.757000, 2138.743000, 2102.679000
d40.00/N9216, 5093.186000, 3863.376000, 3218.889000, 2813.439000, 2581.724000, 2445.630000, 2394.200000
d40.00/N9728, 5951.539000, 4399.712000, 3654.514000, 3219.780000, 2943.611000, 2788.417000, 2721.712000
d42.50/N10240, 7131.928000, 5282.876000, 4356.494000, 3813.015000, 3502.094000, 3266.616000, 3188.802000
d42.50/N2048, 63.938000, 56.984000, 57.698000, 65.541000, 74.889000, 82.231000, 92.468000
d42.50/N2560, 104.693000, 90.279000, 88.807000, 99.612000, 113.586000, 135.461000, 149.538000
d42.50/N3072, 159.862000, 136.416000, 129.765000, 142.335000, 162.939000, 185.421000, 207.348000
d42.50/N3584, 233.106000, 193.696000, 181.237000, 194.234000, 220.691000, 250.776000, 280.445000
d42.50/N4096, 319.785000, 262.183000, 246.381000, 256.554000, 289.994000, 338.449000, 377.140000
d42.50/N4608, 556.562000, 441.248000, 390.467000, 372.185000, 384.490000, 422.616000, 472.036000
d42.50/N5120, 758.161000, 599.450000, 530.385000, 496.591000, 507.161000, 545.956000, 602.101000
d42.50/N5632, 954.524000, 739.456000, 643.457000, 603.262000, 606.155000, 651.467000, 717.457000
d42.50/N6144, 1235.344000, 969.152000, 829.880000, 777.773000, 772.094000, 810.659000, 886.824000
d42.50/N6656, 1503.499000, 1160.200000, 987.605000, 912.152000, 900.256000, 945.651000, 1029.822000
d42.50/N7168, 1773.060000, 1360.194000, 1176.639000, 1077.438000, 1063.370000, 1105.734000, 1195.549000
d42.50/N7680, 2205.583000, 1684.611000, 1431.344000, 1308.278000, 1279.416000, 1309.840000, 1409.790000
d42.50/N8192, 2570.258000, 1951.296000, 1655.233000, 1514.095000, 1471.705000, 1500.216000, 1611.789000
d42.50/N8704, 4601.303000, 3453.482000, 2872.853000, 2565.245000, 2331.855000, 2202.820000, 2158.690000
d42.50/N9216, 5376.045000, 4009.368000, 3326.480000, 2927.571000, 2706.004000, 2534.441000, 2473.972000
d42.50/N9728, 6270.352000, 4620.456000, 3818.793000, 3353.245000, 3092.432000, 2905.247000, 2802.757000
d45.00/N10240, 7586.041000, 5548.136000, 4552.314000, 4013.854000, 3608.723000, 3383.044000, 3275.750000
d45.00/N2048, 65.846000, 57.776000, 58.825000, 65.886000, 75.163000, 82.354000, 92.615000
d45.00/N2560, 108.436000, 92.720000, 90.627000, 100.408000, 114.241000, 135.978000, 150.691000
d45.00/N3072, 165.534000, 140.161000, 132.701000, 143.857000, 163.764000, 186.323000, 207.974000
d45.00/N3584, 239.174000, 197.566000, 185.043000, 196.535000, 222.253000, 252.240000, 281.620000
d45.00/N4096, 332.318000, 270.830000, 252.186000, 261.706000, 292.119000, 341.605000, 379.072000
d45.00/N4608, 574.105000, 456.693000, 406.282000, 382.347000, 391.755000, 427.415000, 474.888000
d45.00/N5120, 791.538000, 623.176000, 543.257000, 513.304000, 515.278000, 552.103000, 607.734000
d45.00/N5632, 986.058000, 769.503000, 667.700000, 622.612000, 622.665000, 661.812000, 723.660000
d45.00/N6144, 1305.601000, 1009.088000, 860.868000, 798.235000, 788.061000, 825.623000, 900.457000
d45.00/N6656, 1576.335000, 1209.607000, 1036.311000, 943.294000, 927.831000, 964.458000, 1041.806000
d45.00/N7168, 1859.094000, 1420.166000, 1211.397000, 1118.804000, 1093.024000, 1133.993000, 1218.516000
d45.00/N7680, 2312.351000, 1756.723000, 1487.038000, 1370.688000, 1320.141000, 1345.830000, 1438.021000
d45.00/N8192, 2705.922000, 2042.654000, 1724.245000, 1576.886000, 1530.513000, 1545.266000, 1641.528000
d45.00/N8704, 4838.721000, 3612.077000, 3026.719000, 2637.801000, 2411.417000, 2281.986000, 2228.354000
d45.00/N9216, 5638.967000, 4191.526000, 3502.129000, 3075.543000, 2780.522000, 2619.055000, 2547.040000
d45.00/N9728, 6530.843000, 4887.069000, 3985.681000, 3489.406000, 3170.181000, 2985.410000, 2898.716000
d47.50/N10240, 7962.142000, 5795.131000, 4744.610000, 4172.984000, 3746.157000, 3509.486000, 3393.450000
d47.50/N2048, 67.530000, 58.893000, 59.124000, 66.307000, 75.576000, 82.783000, 92.795000
d47.50/N2560, 112.645000, 94.844000, 92.636000, 101.169000, 114.661000, 136.458000, 151.440000
d47.50/N3072, 171.204000, 143.011000, 135.381000, 145.500000, 164.364000, 187.460000, 208.543000
d47.50/N3584, 251.359000, 204.268000, 191.513000, 199.581000, 224.596000, 253.584000, 283.397000
d47.50/N4096, 345.845000, 282.719000, 257.917000, 265.420000, 295.478000, 345.235000, 381.490000
d47.50/N4608, 597.454000, 472.117000, 418.635000, 391.881000, 400.309000, 432.532000, 479.250000
d47.50/N5120, 833.756000, 644.851000, 566.645000, 529.189000, 526.856000, 562.487000, 614.551000
d47.50/N5632, 1040.248000, 799.291000, 689.284000, 640.351000, 640.421000, 672.317000, 733.723000
d47.50/N6144, 1349.241000, 1038.204000, 890.157000, 823.644000, 811.805000, 842.653000, 910.102000
d47.50/N6656, 1628.772000, 1257.802000, 1062.308000, 977.915000, 957.952000, 985.455000, 1059.214000
d47.50/N7168, 1946.629000, 1494.343000, 1258.514000, 1159.517000, 1131.567000, 1161.118000, 1242.753000
d47.50/N7680, 2425.219000, 1833.112000, 1550.125000, 1411.547000, 1362.624000, 1380.307000, 1460.646000
d47.50/N8192, 2835.142000, 2153.925000, 1797.489000, 1653.468000, 1578.315000, 1593.335000, 1688.235000
d47.50/N8704, 5076.069000, 3768.001000, 3148.763000, 2737.564000, 2501.260000, 2372.798000, 2292.260000
d47.50/N9216, 5912.319000, 4375.598000, 3645.151000, 3191.121000, 2900.779000, 2710.370000, 2632.095000
d47.50/N9728, 6845.315000, 5049.317000, 4192.609000, 3620.789000, 3293.875000, 3086.084000, 2988.978000
d50.00/N10240, 8249.381000, 6049.242000, 4933.118000, 4333.216000, 3880.248000, 3634.044000, 3503.012000
d50.00/N2048, 68.949000, 60.596000, 59.733000, 66.556000, 75.793000, 83.219000, 92.879000
d50.00/N2560, 115.518000, 97.653000, 94.145000, 101.986000, 115.609000, 136.915000, 152.318000
d50.00/N3072, 176.913000, 148.275000, 137.856000, 147.147000, 165.629000, 189.136000, 209.004000
d50.00/N3584, 260.191000, 212.041000, 194.628000, 203.192000, 226.420000, 255.062000, 285.007000
d50.00/N4096, 362.540000, 289.170000, 264.991000, 271.111000, 298.766000, 348.424000, 383.069000
d50.00/N4608, 620.530000, 488.606000, 431.054000, 404.161000, 406.465000, 437.827000, 484.509000
d50.00/N5120, 858.341000, 667.953000, 578.997000, 540.353000, 539.958000, 570.216000, 620.681000
d50.00/N5632, 1071.945000, 827.914000, 713.057000, 666.168000, 655.460000, 686.146000, 744.224000
d50.00/N6144, 1421.322000, 1078.672000, 922.994000, 851.790000, 834.031000, 861.505000, 920.943000
d50.00/N6656, 1716.726000, 1307.334000, 1114.134000, 1009.576000, 983.173000, 1010.557000, 1079.557000
d50.00/N7168, 2032.162000, 1538.520000, 1306.940000, 1200.289000, 1168.563000, 1191.338000, 1266.512000
d50.00/N7680, 2536.028000, 1911.126000, 1611.971000, 1468.424000, 1417.471000, 1425.313000, 1499.832000
d50.00/N8192, 2962.968000, 2223.986000, 1870.096000, 1708.874000, 1637.911000, 1643.605000, 1725.676000
d50.00/N8704, 5295.761000, 3958.471000, 3233.496000, 2860.141000, 2580.793000, 2453.699000, 2381.714000
d50.00/N9216, 6186.605000, 4560.497000, 3747.556000, 3272.319000, 2977.139000, 2822.229000, 2730.481000
d50.00/N9728, 7170.017000, 5267.917000, 4357.145000, 3796.746000, 3409.873000, 3199.745000, 3110.770000
d52.50/N10240, 8697.287000, 6285.373000, 5119.582000, 4445.559000, 4058.798000, 3766.884000, 3656.327000
d52.50/N2048, 70.621000, 61.516000, 60.374000, 67.209000, 76.443000, 83.501000, 93.094000
d52.50/N2560, 119.766000, 99.665000, 95.029000, 102.782000, 116.376000, 137.601000, 152.524000
d52.50/N3072, 184.371000, 150.557000, 140.939000, 148.998000, 167.387000, 190.283000, 209.998000
d52.50/N3584, 266.219000, 216.424000, 200.690000, 206.193000, 228.576000, 257.136000, 286.228000
d52.50/N4096, 371.257000, 300.895000, 273.805000, 276.776000, 303.320000, 352.789000, 386.088000
d52.50/N4608, 644.053000, 504.735000, 439.285000, 412.744000, 415.237000, 446.600000, 488.366000
d52.50/N5120, 891.279000, 698.029000, 596.401000, 555.404000, 552.347000, 578.750000, 628.380000
d52.50/N5632, 1114.671000, 857.205000, 743.317000, 685.521000, 676.124000, 700.316000, 754.830000
d52.50/N6144, 1479.314000, 1117.959000, 956.236000, 879.350000, 859.037000, 879.125000, 942.710000
d52.50/N6656, 1770.444000, 1343.827000, 1141.516000, 1046.067000, 1014.126000, 1035.445000, 1098.146000
d52.50/N7168, 2118.822000, 1614.945000, 1368.018000, 1259.775000, 1210.321000, 1227.170000, 1286.500000
d52.50/N7680, 2645.852000, 1984.063000, 1673.360000, 1522.899000, 1460.455000, 1466.582000, 1533.246000
d52.50/N8192, 3123.910000, 2311.499000, 1961.207000, 1775.042000, 1704.881000, 1699.880000, 1762.575000
d52.50/N8704, 5523.845000, 4122.737000, 3385.763000, 2930.035000, 2667.890000, 2529.567000, 2436.130000
d52.50/N9216, 6524.190000, 4748.648000, 3885.314000, 3389.591000, 3106.952000, 2893.475000, 2799.766000
d52.50/N9728, 7480.019000, 5478.783000, 4481.990000, 3895.874000, 3526.802000, 3308.880000, 3198.303000
d55.00/N10240, 9055.928000, 6528.055000, 5305.691000, 4645.058000, 4199.355000, 3927.560000, 3776.220000
d55.00/N2048, 73.255000, 62.782000, 61.435000, 67.725000, 76.717000, 83.743000, 93.599000
d55.00/N2560, 122.039000, 101.997000, 97.526000, 104.108000, 117.104000, 138.154000, 153.162000
d55.00/N3072, 188.466000, 155.107000, 145.210000, 151.121000, 168.668000, 191.280000, 211.566000
d55.00/N3584, 277.810000, 222.412000, 204.986000, 210.056000, 231.822000, 260.858000, 288.694000
d55.00/N4096, 384.411000, 307.603000, 280.163000, 282.396000, 307.710000, 356.758000, 390.365000
d55.00/N4608, 666.579000, 525.415000, 451.927000, 422.970000, 428.589000, 452.399000, 494.031000
d55.00/N5120, 923.175000, 720.032000, 614.761000, 572.662000, 565.790000, 589.635000, 638.617000
d55.00/N5632, 1156.697000, 896.244000, 760.066000, 702.200000, 691.801000, 714.481000, 766.009000
d55.00/N6144, 1535.036000, 1157.563000, 986.955000, 916.051000, 888.492000, 900.433000, 953.939000
d55.00/N6656, 1840.086000, 1393.218000, 1191.368000, 1080.246000, 1048.497000, 1059.790000, 1117.983000
d55.00/N7168, 2201.558000, 1657.198000, 1403.762000, 1290.336000, 1248.498000, 1264.401000, 1316.946000
d55.00/N7680, 2748.256000, 2057.849000, 1736.430000, 1590.076000, 1513.773000, 1506.949000, 1567.090000
d55.00/N8192, 3250.023000, 2422.900000, 2034.126000, 1842.798000, 1770.116000, 1755.356000, 1806.790000
d55.00/N8704, 5750.575000, 4233.622000, 3466.724000, 3029.123000, 2752.609000, 2592.940000, 2506.940000
d55.00/N9216, 6716.263000, 4923.252000, 4024.970000, 3545.606000, 3209.829000, 2986.528000, 2889.583000
d55.00/N9728, 7790.206000, 5688.089000, 4641.353000, 4034.762000, 3650.618000, 3423.657000, 3299.778000
d57.50/N10240, 9346.005000, 6772.335000, 5495.279000, 4813.596000, 4341.776000, 4033.700000, 3882.903000
d57.50/N2048, 74.405000, 63.954000, 62.759000, 68.507000, 77.060000, 84.173000, 93.977000
d57.50/N2560, 125.320000, 104.470000, 99.381000, 105.321000, 117.958000, 139.432000, 153.573000
d57.50/N3072, 194.051000, 160.051000, 147.256000, 153.964000, 170.531000, 192.787000, 213.156000
d57.50/N3584, 283.853000, 229.110000, 209.731000, 214.271000, 235.186000, 263.658000, 290.213000
d57.50/N4096, 396.894000, 316.185000, 287.716000, 288.965000, 313.050000, 360.982000, 393.840000
d57.50/N4608, 695.521000, 535.681000, 463.389000, 433.229000, 436.395000, 459.525000, 500.209000
d57.50/N5120, 955.620000, 735.571000, 638.762000, 587.431000, 582.651000, 601.950000, 646.695000
d57.50/N5632, 1197.116000, 925.550000, 782.835000, 722.862000, 710.640000, 729.742000, 780.113000
d57.50/N6144, 1575.704000, 1207.885000, 1020.121000, 945.699000, 909.410000, 919.495000, 971.305000
d57.50/N6656, 1909.261000, 1442.306000, 1222.637000, 1117.899000, 1081.702000, 1091.231000, 1147.120000
d57.50/N7168, 2285.417000, 1717.519000, 1454.464000, 1348.751000, 1294.755000, 1298.930000, 1354.001000
d57.50/N7680, 2855.126000, 2154.212000, 1798.796000, 1635.185000, 1555.924000, 1549.805000, 1609.710000
d57.50/N8192, 3341.057000, 2486.464000, 2090.121000, 1925.468000, 1829.341000, 1809.075000, 1855.228000
d57.50/N8704, 6031.185000, 4421.193000, 3616.367000, 3124.195000, 2842.087000, 2672.391000, 2603.693000
d57.50/N9216, 7062.625000, 5103.165000, 4160.956000, 3618.286000, 3285.594000, 3111.852000, 2979.554000
d57.50/N9728, 8094.617000, 5893.312000, 4845.651000, 4161.927000, 3773.929000, 3563.810000, 3430.249000
d60.00/N10240, 9694.008000, 7009.404000, 5680.423000, 4964.874000, 4449.314000, 4170.336000, 4005.141000
d60.00/N2048, 76.930000, 65.116000, 63.224000, 68.962000, 77.359000, 84.300000, 94.261000
d60.00/N2560, 127.709000, 107.646000, 100.325000, 106.353000, 118.706000, 140.268000, 154.036000
d60.00/N3072, 199.556000, 162.646000, 150.512000, 156.334000, 172.262000, 194.026000, 213.974000
d60.00/N3584, 295.203000, 234.874000, 214.845000, 217.835000, 237.610000, 266.306000, 292.777000
d60.00/N4096, 409.555000, 325.680000, 295.821000, 297.636000, 317.797000, 366.339000, 398.496000
d60.00/N4608, 711.050000, 551.266000, 481.524000, 445.550000, 445.803000, 468.917000, 507.695000
d60.00/N5120, 987.599000, 766.918000, 658.680000, 604.785000, 593.571000, 613.486000, 654.754000
d60.00/N5632, 1238.613000, 943.940000, 806.358000, 744.484000, 729.797000, 745.697000, 793.246000
d60.00/N6144, 1632.639000, 1236.257000, 1052.038000, 975.783000, 937.404000, 941.140000, 968.946000
d60.00/N6656, 1994.980000, 1487.892000, 1260.822000, 1162.712000, 1116.193000, 1114.158000, 1166.144000
d60.00/N7168, 2368.755000, 1793.055000, 1504.939000, 1395.062000, 1332.448000, 1331.359000, 1376.754000
d60.00/N7680, 2960.322000, 2209.528000, 1877.337000, 1704.584000, 1608.915000, 1604.299000, 1652.856000
d60.00/N8192, 3501.020000, 2576.356000, 2167.147000, 1978.247000, 1890.884000, 1865.415000, 1898.075000
d60.00/N8704, 6189.170000, 4570.840000, 3697.843000, 3222.243000, 2927.847000, 2757.441000, 2656.716000
d60.00/N9216, 7240.856000, 5278.531000, 4296.538000, 3736.339000, 3387.667000, 3182.648000, 3068.082000
d60.00/N9728, 8400.682000, 6107.475000, 4955.303000, 4340.398000, 3926.714000, 3655.124000, 3513.531000
d62.50/N10240, 10054.596000, 7252.891000, 5867.515000, 5131.088000, 4592.954000, 4305.224000, 4128.851000
d62.50/N2048, 78.769000, 66.098000, 63.959000, 69.426000, 77.842000, 84.564000, 94.452000
d62.50/N2560, 130.883000, 108.834000, 102.135000, 107.786000, 119.688000, 140.976000, 154.701000
d62.50/N3072, 205.325000, 166.810000, 153.891000, 158.608000, 173.998000, 195.662000, 215.317000
d62.50/N3584, 301.412000, 241.414000, 220.576000, 221.990000, 241.058000, 269.918000, 296.485000
d62.50/N4096, 422.272000, 334.839000, 304.318000, 301.631000, 323.949000, 371.697000, 401.369000
d62.50/N4608, 733.812000, 567.575000, 489.315000, 457.204000, 457.061000, 477.364000, 515.977000
d62.50/N5120, 1019.149000, 780.678000, 670.474000, 622.072000, 607.806000, 622.855000, 664.674000
d62.50/N5632, 1280.086000, 983.089000, 830.116000, 771.339000, 747.331000, 760.775000, 805.149000
d62.50/N6144, 1702.906000, 1273.730000, 1085.391000, 1003.745000, 964.908000, 963.199000, 997.235000
d62.50/N6656, 2044.369000, 1535.369000, 1312.000000, 1190.190000, 1149.633000, 1147.478000, 1185.617000
d62.50/N7168, 2451.456000, 1851.827000, 1565.306000, 1432.176000, 1376.326000, 1366.411000, 1411.038000
d62.50/N7680, 3064.417000, 2282.310000, 1923.474000, 1761.744000, 1664.596000, 1630.458000, 1676.520000
d62.50/N8192, 3623.664000, 2687.069000, 2239.953000, 2048.418000, 1956.552000, 1916.601000, 1945.603000
d62.50/N8704, 6472.990000, 4680.493000, 3813.571000, 3322.088000, 3043.418000, 2838.979000, 2738.092000
d62.50/N9216, 7577.173000, 5512.204000, 4432.813000, 3888.332000, 3500.423000, 3286.672000, 3171.129000
d62.50/N9728, 8786.199000, 6307.537000, 5113.028000, 4433.604000, 4017.247000, 3768.461000, 3646.426000
